DCD3A68033,asdf,common_backend\uploads\10-13\sprint_run_20m\20260316_062731_asdf_6bb7703a.mp4,1.0,12.27,0.01,149.76,0.01,-0.06,12.27,7.58,Below Average
DC27C98660,efg,common_backend\uploads\10-13\sprint_run_20m\20260316_070914_efg_e79ade95.mp4,1.0,11.52,0.01,148.64,0.03,-0.04,11.52,7.61,Below Average
DCD24D4E31,efg,common_backend\uploads\10-13\sprint_run_20m\20260316_071821_efg_a3bcd35d.mp4,1.0,11.52,0.01,148.64,0.03,-0.04,11.52,7.61,Below Average
DC8EC21410,efg,common_backend\uploads\10-13\sprint_run_20m\20260316_071847_efg_059adcff.mp4,1.0,0.0,0.0,0.0,0.0,0.0,0.0,0,Poor
DCF443C79F,efg,common_backend\uploads\10-13\sprint_run_20m\20260316_072112_efg_efcf2e76.mp4,1.0,0.0,0.0,0.0,0.0,0.0,0.0,0,Poor
DCE916F054,efg,common_backend\uploads\10-13\sprint_run_20m\20260316_072344_efg_6fd1b283.mp4,1.0,11.52,0.01,148.64,0.03,-0.04,11.52,7.61,Below Average
DCD3E6AFF2,efg,common_backend\uploads\10-13\sprint_run_20m\20260316_091407_efg_01b55030.mp4,1.0,0.0,0.0,0.0,0.0,0.0,0.0,0,Poor
DC2272850B,fghjkl,common_backend\uploads\10-13\sprint_run_20m\20260316_093930_fghjkl_4197ca52.mp4,4.22,0.0,0.0,0.0,0.0,0.0,0.0,0,Poor
DCA769AA7E,fghjkl,common_backend\uploads\10-13\sprint_run_20m\20260316_094615_fghjkl_57c65d32.mp4,3.08,117.23,0.04,129.85,0.05,0.02,153.3,4.86,Poor
DC334ED310,fghjkl,common_backend\uploads\10-13\sprint_run_20m\20260316_095210_fghjkl_97e5e657.mp4,3.08,117.23,0.04,129.85,0.05,0.02,153.3,4.86,Poor
DCF9D70B71,fghjkl,common_backend\uploads\10-13\sprint_run_20m\20260316_095406_fghjkl_18273345.mp4,3.08,70.17,0.03,126.08,0.02,0.02,132.43,6.64,Below Average
DC9112BA1D,fghjkl,common_backend\uploads\10-13\sprint_run_20m\20260316_095423_fghjkl_b3a2f5ed.mp4,3.49,72.03,0.02,128.77,0.01,0.03,125.87,7.5,Below Average
DCD2DDB703,fghjkl,common_backend\uploads\10-13\sprint_run_20m\20260316_095728_fghjkl_f49c6397.mp4,3.55,0.0,0.0,0.0,0.0,0.0,0.0,0,Poor
DC4FE1CA0F,ASDV,common_backend\uploads\6-9\sprint_run_20m\20260316_095939_ASDV_d511b42b.mp4,3.49,7.67,0.01,143.49,0.02,-0.05,164.33,8.21,Below Average
DCAF2B66A6,cvbnm,common_backend\uploads\14-18\sprint_run_20m\20260316_100231_cvbnm_c96668f2.mp4,3.08,117.23,0.04,129.85,0.05,0.02,153.3,4.86,Poor
DC323CC460,cvbnm,common_backend\uploads\14-18\sprint_run_20m\20260316_100650_cvbnm_6383f8e9.mp4,3.49,7.67,0.01,143.49,0.02,-0.05,164.33,8.21,Below Average
DCE9458F26,qweryu,common_backend\uploads\10-13\sprint_run_20m\20260316_100835_qweryu_6be7b52d.mp4,3.55,0.0,0.0,0.0,0.0,0.0,0.0,0,Poor
DCA8ED2BB7,qweryu,common_backend\uploads\10-13\sprint_run_20m\20260316_101137_qweryu_37ef7ed7.mp4,1.0,0.0,0.0,0.0,0.0,0.0,0.0,0,Poor
DC173D92C5,qweryu,common_backend\uploads\10-13\sprint_run_20m\20260316_101219_qweryu_4e384b2c.mp4,1.0,0.0,0.0,0.0,0.0,0.0,0.0,0,Poor
DCAD0AADF4,sdf,common_backend\uploads\10-13\sprint_run_20m\20260316_101642_sdf_fe0c767b.mp4,3.8,117.23,0.04,129.85,0.05,0.02,153.3,4.86,Poor
DCB262E8BB,sdf,common_backend\uploads\10-13\sprint_run_20m\20260316_101827_sdf_6ffe5c85.mp4,3.2,7.67,0.01,143.49,0.02,-0.05,164.33,8.21,Below Average
DCC955B463,sd,common_backend\uploads\14-18\sprint_run_20m\20260316_101950_sd_c923bf1d.mp4,3.8,117.23,0.04,129.85,0.05,0.02,153.3,4.86,Poor
DCAD6AF5D8,sd,common_backend\uploads\14-18\sprint_run_20m\20260316_102132_sd_deccdeb0.mp4,3.2,7.67,0.01,143.49,0.02,-0.05,164.33,8.21,Below Average
DCE35382C5,sd,common_backend\uploads\14-18\sprint_run_20m\20260316_102326_sd_b0896be7.mp4,0.77,5.98,0.01,131.56,0.0,-0.12,159.96,9.47,Poor
DCB5632223,sdfgn,common_backend\uploads\10-13\sprint_run_20m\20260316_104509_sdfgn_43929f17.mp4,3.2,7.67,0.01,143.49,0.02,-0.05,164.33,8.21,Below Average
DC666D0B0E,ascvb,common_backend\uploads\14-18\sprint_run_20m\20260316_104525_ascvb_0dab2e85.mp4,3.2,7.67,0.01,143.49,0.02,-0.05,164.33,8.21,Below Average
DCDC4F53B1,fgj,common_backend\uploads\6-9\sprint_run_20m\20260316_104459_fgj_a8cca5ff.mp4,3.8,117.23,0.04,129.85,0.05,0.02,153.3,4.86,Poor
DC1E8858D7,sdb,common_backend\uploads\14-18\sprint_run_20m\20260316_114034_sdb_df2b0e19.mp4,3.8,117.23,0.04,129.85,0.05,0.02,153.3,4.86,Poor
DCCE10AD58T1,asdfg,common_backend\uploads\10-13\sprint_run_20m\20260324_114251_asdfg_trial1_5f2e9784.mp4,4.07,12.75,0.01,148.89,0.03,-0.04,142.16,7.57,Below Average
DCCE10AD58T2,asdfg,common_backend\uploads\10-13\sprint_run_20m\20260324_114252_asdfg_trial2_a37cadf8.mp4,5.0,13.25,0.01,140.99,0.01,-0.04,141.69,8.2,Below Average
DC5DF99029T1,asdfg,common_backend\uploads\10-13\sprint_run_20m\20260324_115117_asdfg_trial1_1e094fc6.mp4,4.07,12.75,0.01,148.89,0.03,-0.04,142.16,7.57,Below Average
DC5DF99029T2,asdfg,common_backend\uploads\10-13\sprint_run_20m\20260324_115117_asdfg_trial2_3d6fe6d5.mp4,5.0,13.25,0.01,140.99,0.01,-0.04,141.69,8.2,Below Average
DC5B62AA4DT1,asdfg,common_backend\uploads\10-13\sprint_run_20m\20260324_135516_asdfg_trial1_731b4262.mp4,4.07,12.75,0.01,148.89,0.03,-0.04,142.16,7.57,Below Average
DC5B62AA4DT2,asdfg,common_backend\uploads\10-13\sprint_run_20m\20260324_135516_asdfg_trial2_153c73e3.mp4,5.0,13.25,0.01,140.99,0.01,-0.04,141.69,8.2,Below Average
DC92CD8E9FT1,kkkkkkkkkkk,common_backend\uploads\10-13\sprint_run_20m\20260324_141539_kkkkkkkkkkk_trial1_1775fea9.mp4,4.07,12.75,0.01,148.89,0.03,-0.04,142.16,7.57,Below Average
DC92CD8E9FT2,kkkkkkkkkkk,common_backend\uploads\10-13\sprint_run_20m\20260324_141539_kkkkkkkkkkk_trial2_2aa87e65.mp4,5.0,13.25,0.01,140.99,0.01,-0.04,141.69,8.2,Below Average
